Model,Label
EncoreConvenience,811
EncoreFWD,813
EncoreLeather,814
VeranoSport,2545
EncoreAWD,810
EncoreEncore,812
Terraza4dr,2393
EncorePremium,816
VeranoConvenience,2541
EncoreSport,817
Verano4dr,2538
Rendezvous4dr,1986
ILX5-Speed,1249
ILXAutomatic,1252
TSXAutomatic,2336
TSX5-Speed,2335
TSX4dr,2334
TLBase,2325
TL4dr,2323
TLSH-AWD,2327
TLAutomatic,2324
RDXFWD,1932
RDXAWD,1930
TSXSpecial,2339
TLXFWD,2330
RDXwith,1933
TLXSH-AWD,2331
TL2WD,2322
MDX4WD,1465
MDXAWD,1467
MDXBase,1469
MDXwith,1472
MDXFWD,1470
MDXSH-AWD,1471
RLXwith,1939
A42007,168
A44dr,171
A42.0T,163
A3Sedan,162
A4Premium,174
A64dr,185
A52.0T,179
A4Season,176
S42dr,2073
A3Cabriolet,161
A62.0T,181
Q7quattro,1860
A63.0T,183
Q5quattro,1845
Q52.0T,1839
S44dr,2074
Q3quattro,1822
TT3.2L,2344
S3Premium,2061
allroad2.0T,2780
Q73.0T,1858
Q52.0,1838
A3,158
Q3Premium,1821
A8,190
A84.0T,192
S6quattro,2096
3,43
X1sDrive28i,2616
i3Hatchback,2807
5,97
X3AWD,2620
X1xDrive35i,2619
X3xDrive28i,2623
X5AWD,2629
7,131
X1xDrive,2617
X1xDrive28i,2618
4,81
X3sDrive28i,2621
X4xDrive28i,2625
X5xDrive35i,2632
X5,2627
X5xDrive35d,2631
6,129
2,21
M32dr,1426
X6xDrive35i,2637
X5xDrive50i,2633
VeranoBase,2540
RendezvousFWD,1989
Lucerne4dr,1412
LaCrosse4dr,1369
LaCrosseFWD,1373
RegalTurbo,1983
EnclaveFWD,806
EnclaveLeather,807
Century4dr,524
EnclaveAWD,803
EnclavePremium,808
EnvisionFWD,826
ATS3.6L,199
ATS2.0L,197
ATS2.5L,198
SRXFWD,2146
CTS,428
SRXLuxury,2148
Escalade4dr,856
SRXPremium,2150
XTSAWD,2728
XT5Luxury,2722
EscaladeAWD,857
XTSFWD,2730
CTS-V,429
CruzeLS,694
Malibu,1521
Malibu1LT,1524
MalibuLS,1541
MalibuLT,1542
CruzeSedan,701
CruzeLTZ,697
Cruze1LT,685
Cruze4dr,689
MalibuECO,1536
CruzeLT,695
Aveo4dr,282
Cruze2LT,687
Malibu4dr,1533
EquinoxFWD,846
TraxFWD,2448
TraxAWD,2447
Malibu2LTZ,1528
Cobalt2dr,603
SonicHatch,2243
EquinoxAWD,845
SonicHatchback,2244
Cruze,683
SonicSedan,2246
CamaroCoupe,471
ImpalaLS,1272
Impala4dr,1269
Impala2LT,1264
ImpalaLT,1273
Silverado,2225
VoltPlug-In,2566
Camaro2dr,469
VoltBase,2564
TraverseFWD,2441
Cavalier4dr,509
ImpalaPremier,1279
Traverse2LT,2439
ColoradoCrew,608
Colorado4WD,607
HHRFWD,1215
Express,923
Tahoe4dr,2369
Traverse1LT,2438
Tahoe4WD,2368
TahoeLT,2373
AvalancheLS,263
C/K,355
Corvette2dr,664
CamaroConvertible,470
Avalanche4WD,262
TraverseAWD,2440
Tahoe2WD,2366
200Limited,28
200S,29
2004dr,24
200Sedan,31
300300,45
PacificaTouring,1732
3004dr,48
PacificaTouring-L,1733
300300C,46
Town,2430
300John,52
PT,1724
AvengerSE,279
CaliberSXT,463
Charger4dr,541
ChargerSXT,555
DartSXT,715
JourneyFWD,1334
DartGT,711
ChallengerSXT,535
DartSE,714
JourneySE,1338
JourneyCrew,1332
JourneyR/T,1337
Grand,1204
JourneyAWD,1330
ChallengerR/T,531
NitroR/T,1674
Challenger2dr,528
Ram,1959
ChargerRT,549
DurangoAWD,728
NitroSE,1675
JourneySXT,1339
Durango2WD,725
DurangoCitadel,730
DurangoLimited,733
DurangoSXT,735
500XFWD,115
500Pop,109
Fusion4dr,1106
FusionSE,1111
FusionS,1110
FocusSedan,1058
FocusHatchback,1049
FiestaHatchback,1017
FiestaSedan,1023
FusionTitanium,1115
FusionHybrid,1108
Focus5dr,1047
Focus4dr,1046
Fiesta4dr,1015
EscapeFWD,866
EscapeS,870
EscapeSE,871
Escape4WD,864
ExplorerRWD,919
Fusion,1105
MustangFastback,1635
EscapeTitanium,874
Edge4dr,770
Mustang2dr,1627
MustangConvertible,1631
EdgeLimited,774
Explorer4WD,910
ExplorerFWD,915
ExplorerBase,913
TaurusLimited,2382
TaurusSEL,2385
Taurus4dr,2378
ExplorerXLT,922
F-1502WD,926
EdgeSEL,776
Transit,2437
F-1504WD,927
Explorer,907
EdgeSport,778
MustangGT,1636
ExplorerLimited,916
Super,2319
F-150SuperCrew,943
MustangCoupe,1632
Flex4dr,1038
FlexSEL,1041
F-150XLT,946
ExplorerSport,920
FlexLimited,1039
Expedition5.4L,898
Expedition4WD,896
Expedition,892
F-150Platinum,938
TerrainAWD,2388
TerrainFWD,2389
Sierra,2223
AcadiaFWD,202
AcadiaAWD,201
CanyonExtended,490
Yukon,2758
Yukon4dr,2761
YukonAWD,2762
Yukon4WD,2760
CanyonCrew,489
Yukon2WD,2759
Civic,575
Insight5dr,1302
FitEX,1031
Accord,214
FitLX,1034
FitEX-L,1032
CR-ZEX,421
FitAutomatic,1029
FitSport,1036
Fit5dr,1028
InsightCVT,1304
CivicManual,593
CivicVP,599
CR-ZCVT,420
CivicEX,583
InsightLX,1307
CR-Z3dr,417
FitManual,1035
Fit,1027
InsightEX,1306
CR-ZAutomatic,418
CivicLX,590
CR-ZEX-L,422
InsightBase,1303
CivicContinuously,580
CR-ZLX,423
CR-ZManual,424
Envoy,828
Savana,2166
Acadia,200
Canyon4WD,488
Envoy4dr,831
Envoy2WD,829
Canyon2WD,487
Envoy4WD,830
Sonoma4WD,2248
New,1666
YukonSLT1,2765
Sonoma2WD,2247
Jimmy4dr,1328
CanyonSLE,492
Safari,2164
TerrainSLE-2,2390
G805.0L,1132
G803.8L,1131
"Excursion137""",886
Tracker2dr,2432
Econoline,769
Sprinter,2296
ExpeditionLimited,901
Freestyle4dr,1093
EdgeTitanium,779
Ranger4WD,1962
TaurusSHO,2387
F-150AWD,929
FlexSE,1040
Expedition2WD,894
F-150SuperCab,942
F-150XL,945
Ranger2WD,1961
Expedition4dr,897
F-150Lariat,935
Thunderbird2dr,2394
ExpeditionKing,900
ExpeditionXLT,906
Explorer4dr,911
Escort4dr,878
FocusSEL,1054
Escape4dr,865
EscapeSEL,872
F-150,924
RangerEdge,1963
F-150Limited,937
MustangShelby,1640
FusionPlatinum,1109
Crown,682
Windstar,2584
F-150King,934
Explorer2WD,908
FocusSE,1053
Expedition4.6L,895
MustangEcoBoost,1634
F-150FX4,932
Freestar,1092
TaurusSE,2384
FocusRS,1051
EdgeFWD,772
EdgeSE,775
F-150Regular,939
Contour4dr,642
C-Max,351
Focus3dr,1045
RangerXL,1967
Escape2WD,863
ExplorerAWD,912
FocusST,1056
"Expedition119""",893
EdgeAWD,771
Fiesta5dr,1016
Five,1037
ExpeditionXL,904
F-350,964
FiestaS,1018
E-Series,753
Ranger,1960
Focus2dr,1044
Escort2dr,877
F-250,947
Club,601
Explorer2dr,909
MustangV6,1641
FiestaSE,1019
FusionSport,1114
F-3502WD,965
Taurus,2377
TaurusPolice,2383
F-2502WD,948
EscapeXLS,875
Focus,1043
FocusS,1052
FocusTitanium,1059
EscapeSPORT,873
FiestaST,1022
FusionSEL,1112
FiestaTitanium,1024
500Sport,111
500Easy,101
500Abarth,100
500cLounge,121
500LTrekking,106
500cPop,122
500LLounge,104
500Turbo,112
500Lounge,108
500XAWD,114
500LEasy,103
5001957,99
124,1
500LPop,105
500Gucci,102
500LUrbana,107
500cAbarth,119
500eBATTERY,124
500e,123
500XTrekking,118
Karma4dr,1344
500XPop,117
500XLounge,116
DurangoGT,732
Viper2dr,2560
ChallengerSRT8,534
DurangoR/T,734
500,98
Durango4WD,726
Intrepid4dr,1310
Dakota4WD,706
Durango4dr,727
CaravanSport,502
ChallengerShaker,537
DurangoCrew,731
CaravanSXT,501
Dakota2WD,705
ChallengerSRT,533
Caravan4dr,497
Nitro4WD,1673
500Ribelle,110
ChargerSRT,553
ChargerSRT8,554
Challenger392,529
Neon4dr,1664
JourneyLimited,1336
ChargerDaytona,544
Sprinter2500,2297
Avenger4dr,277
Caravan3,495
ChargerR/T,548
DartLimited,712
DartRallye,713
ChargerRoad/Track,550
JourneyCrossroad,1333
Nitro2WD,1672
ChallengerT/A,538
CaravanSE,500
Caliber4dr,460
Magnum4dr,1520
ChargerSE,552
Stratus2004.5,2302
JourneyAmerican,1331
ChallengerScat,536
Caravan4,496
Nitro,1671
DartAero,710
CaravanES,498
NitroSLT/RT,1676
Stratus4dr,2304
DurangoSpecial,736
Stratus,2300
ChallengerRallye,532
AvengerSXT,280
NitroSPORT,1677
CaliberHB,462
DakotaBighorn/Lonestar,707
ChallengerGT,530
ChargerPolice,546
Stratus2dr,2303
Sprinter3500,2298
ChargerPursuit,547
Stratus2004,2301
AvengerR/T,278
NitroSXT,1678
Challenger,527
JourneyGT,1335
Avenger2dr,276
Dart,708
DartSXT/Rallye,716
ChargerV6,556
Caliber,458
ChargerBase,543
CaliberExpress,461
300300S,47
Crossfire2dr,674
Sebring4dr,2171
Sebring2004,2168
Sebring,2167
300M4dr,56
300Limited,54
300SRT8,62
2002dr,23
Pacifica4dr,1726
PacificaLimited,1730
200C,25
200Convertible,26
Cirrus4dr,573
Sebring2dr,2170
Sebring2004.5,2169
Voyager4dr,2570
Charger,539
300Motown,60
LHS4dr,1353
Aspen4WD,249
300Luxury,55
Prowler2dr,1818
Concorde4dr,633
AspenAWD,250
200LX,27
Aspen2WD,248
PacificaLX,1729
300Anniversary,49
AspenRWD,252
300C,51
Pacifica2004,1725
300Uptown,64
200Touring,32
Suburban4WD,2310
Corvette,663
Suburban2WD,2308
CorvetteCoupe,667
CorvetteStingray,668
SSRRegular,2153
SuburbanLTZ,2316
TahoeLTZ,2374
AvalancheLT,264
AvalancheLTZ,265
Avalanche2WD,261
Avalanche1500,259
TahoeLS,2372
SSSedan,2154
SuburbanLT,2315
CorvetteConvertible,666
Corvette427,665
Suburban4dr,2312
TrailBlazer4dr,2436
Spark2LT,2274
ColoradoExtended,609
TraverseLTZ,2444
Suburban3/4,2309
S-102WD,2040
Monte,1606
Blazer4dr,320
VoltPremier,2567
S-104WD,2041
HHR4dr,1214
Colorado2WD,606
Camaro2SS,468
SuburbanLS,2314
Blazer2dr,319
Tahoe,2365
TraverseLS,2442
TrailBlazer4WD,2435
MalibuPremier,1545
Prizm4dr,1812
HHR2WD,1213
Astro,255
TrailBlazer2WD,2434
ImpalaLTZ,1275
VoltLT,2565
Impala2LTZ,1265
Impala1LTZ,1261
Uplander4dr,2489
Spark1LT,2273
VentureExt,2525
Volt5dr,2563
Impala1LT,1260
Chevy,572
Cavalier2dr,508
SparkLS,2276
Spark4DR,2275
Tracker4dr,2433
Captiva,493
Tahoe2dr,2367
ColoradoRegular,611
ImpalaPolice,1278
Suburban1500,2306
Cobalt4dr,604
Avalanche2500,260
TahoeCommercial,2370
Suburban2500,2307
SuburbanFleet,2313
Impala,1258
Equinox2WD,842
Venture4dr,2524
TahoePolice,2375
City,574
Equinox4dr,844
SonicLT,2245
Bolt,322
Aveo5dr,283
MalibuHybrid,1539
Lumina4dr,1413
Malibu2LT,1527
TahoeSpecial,2376
ImpalaFirst,1270
CruzeDiesel,690
TahoeHeated,2371
CruzeHatchback,692
VentureReg,2526
Malibu1LZ,1526
Malibu1LTZ,1525
CruzePremier,699
CruzeECO,691
Malibu3LT,1530
AveoLT,284
Malibu2LZ,1529
MalibuSedan,1547
CruzeL,693
CamaroLT,473
Camaro1LS,465
Cruze4d,688
MalibuL,1540
ImpalaUnmarked,1282
Impala4d,1268
ImpalaImpala,1271
Impala1LS,1259
ImpalaLT2,1274
MalibuFleet,1537
ImpalaLimited,1276
ImpalaSEDAN,1280
Equinox,841
CobaltSS,605
EquinoxLT,848
Equinox4d,843
Spark,2272
Trax,2445
MalibuLTZ,1543
Malibu4d,1532
Malibu1FL,1522
MalibuSEDAN,1546
MalibuClassic,1535
MalibuBase,1534
Malibu4DR,1531
Escalade,853
Escalade2WD,854
XT5Standard,2725
XTSTurbo,2734
EscaladePremium,861
CT6,426
EscaladeLuxury,859
EscaladePlatinum,860
ATS,195
Escalade4WD,855
SRXPerformance,2149
XTSLuxury,2731
XTSPremium,2733
CTS-V4dr,430
EscaladeRWD,862
SRXStandard,2152
XLR-V2dr,2718
XT5Premium,2724
XTSBase,2729
XTSPlatinum,2732
XT5Platinum,2723
CTS-VCTS-V,431
SRX4dr,2143
SRXAWD,2144
DeVille4dr,720
STS4dr,2157
SRXBase,2145
CTS4dr,433
DTS4dr,703
XTSVsport,2735
XLR2dr,2720
ATS-V,196
STS-VSTS-V,2156
EscaladeBase,858
Seville4dr,2206
ELRCoupe,754
SRXRWD,2151
DeVille,718
Eldorado2dr,794
STS-V4dr,2155
XTS3.6L,2727
SRXLeather,2147
Concours4dr,634
LeSabre4dr,1390
Catera4dr,507
Regal4dr,1972
RegalPremium,1979
LaCrosseAWD,1370
EnclaveConvenience,805
Park,1741
RegalBase,1974
RegalGS,1978
CascadaSport,506
RegalSport,1982
CenturyCUSTOM,525
EnvisionAWD,825
EnvisionPremium,827
LaCrossePremium,1375
EnclaveBase,804
RainierAWD,1957
LeSabreLimited,1391
CascadaPremium,505
Rainier4dr,1956
VeranoPremium,2544
RainierRWD,1958
Verano1SD,2536
RendezvousCX,1987
VeranoVerano,2547
LaCrosseCXL,1371
RegalFleet,1977
VeranoLeather,2543
LaCrosseLeather,1374
M34dr,1427
Skylark4dr,2227
M3Coupe,1441
X5sDrive35i,2630
X6AWD,2635
M5Sedan,1453
Z4sDrive28i,2773
Z4Roadster,2771
Z4sDrive35i,2774
Verano1SV,2537
RendezvousCXL,1988
M3Convertible,1440
1,0
Z3Z3,2768
X6xDrive50i,2638
X3xDrive35i,2624
X3xDrive28d,2622
Z4Z4,2772
i394,2806
VeranoTurbo,2546
X6,2634
Z4sDrive35is,2775
M3M3,1442
Z42dr,2769
X6sDrive35i,2636
M4Coupe,1446
M54dr,1447
Z3Roadster,2767
X1Sports,2615
M6Convertible,1455
M62dr,1454
X4xDrive35i,2626
Z3Coupe,2766
8,132
X1AWD,2614
Z4Coupe,2770
X535i,2628
A73.0T,187
SQ5quattro,2141
A74dr,189
RS,1940
A4Prestige,175
A5,178
S4quattro,2077
S5Coupe,2081
A84dr,194
S5Cabriolet,2080
Q53.0,1840
RS42dr,1941
Q73.0TDI,1859
Q72.0T,1857
A83.0T,191
Q53.0T,1841
Continental,635
Continental2dr,636
Arnage4dr,245
Q53.0TDI,1842
S52dr,2079
allroad5dr,2781
TTCoupe,2345
Q3FrontTrak,1820
RS44dr,1942
S3quattro,2063
A34dr,160
TT2dr,2343
TTS2dr,2347
TT,2341
TTSS,2350
S7quattro,2101
TTRoadster,2346
S5,2078
allroadPremium,2782
SQ5Premium,2140
S42007,2071
S3Prestige,2062
A73.0TDI,188
A52dr,180
TTSCoupe,2348
A63.0TDI,184
S84dr,2112
A4ultra,177
S64dr,2095
A32.0T,159
TTSRoadster,2349
RS64dr,1943
A6CERTIFIED,186
TT180hp,2342
A42007.5,169
A42dr,170
S45dr,2075
A45dr,172
S42005.5,2070
A42005,166
A42005.5,167
S42007.5,2072
A42004,164
A4AWD,173
A42004.5,165
RL4dr,1934
RLXHybrid,1938
Romeo,2031
General,1178
Martin,1554
RSXAutomatic,1944
RDX4WD,1929
RSXType-S,1946
RLXAutomatic,1936
RLAutomatic,1935
RDXBase,1931
CLManual,397
CLAutomatic,390
ILXTechnology,1255
ILXPremium,1254
TLType-S,2329
TLwith,2332
TSX,2333
ZDXAWD,2776
RSXManual,1945
RLXBase,1937
CLType-S,405
IntegraGS,1308
ILX6-Speed,1250
IntegraLS,1309
TSXManual,2337
TLSpecial,2328
TLManual,2326
RDX*1-OWNER*LTHR*ROOF*BACK-UP*TECH,1928
ILX4dr,1248
ILXHybrid,1253
ILXAcuraWatch,1251
TSXV6,2340
ZDXBase,2777
Q5Premium,1844
A84.2L,193
Q53.2L,1843
S4Quattro,2076
A62016,182
MDXAdvance,1468
MDXACURA,1466
SLX4WD,2139
TSXPremium,2338
CR-VLX,413
Liberty4WD,1405
PatriotLimited,1781
PatriotHigh,1779
CherokeeLimited,567
PatriotLatitude,1780
Liberty2WD,1404
CherokeeLatitude,566
Cherokee4WD,558
Patriot4WD,1775
CherokeeTrailhawk,571
Liberty4dr,1406
RenegadeTrailhawk,1998
RenegadeLimited,1996
RenegadeLatitude,1995
RenegadeJustice,1994
PatriotSport,1785
Cherokee2dr,557
LibertyRWD,1409
Commander2WD,612
PatriotFWD,1778
Commander4WD,613
RenegadeSport,1997
LibertySport,1411
Compass2017.5,619
Cherokee4dr,559
CherokeeL,565
Commander4dr,614
Patriot2WD,1774
CherokeeFWD,563
Patriot75th,1776
Compass4WD,621
CommanderRWD,617
CompassSport,630
CherokeeSport,570
RenegadeDeserthawk,1993
CompassLatitude,628
CompassFWD,626
PatriotAltitude,1777
CompassHigh,627
CherokeeOverland,568
WranglerSport,2609
CherokeeAltitude,561
Wrangler2dr,2587
Wrangler4WD,2588
Wrangler2WD,2586
CompassLimited,629
WranglerWillys,2611
Compass75th,623
WranglerRWD,2604
WranglerFreedom,2598
WranglerRubicon,2605
WranglerSahara,2608
Cherokee75th,560
Compass2WD,620
Wrangler,2585
Wrangler75th,2590
WranglerBig,2594
WranglerX,2612
WranglerPolar,2603
WranglerBackcountry,2593
WranglerUnlimited,2610
WranglerAltitude,2591
WranglerHard,2599
WranglerChief,2597
ForteAutomatic,1086
ForteLX,1088
ForteManual,1089
Forte4dr,1083
ForteS,1090
Spectra4dr,2277
RioSedan,2019
ForteEX,1087
OptimaLX,1696
RioLX,2017
Rio5-door,2012
OptimaEX,1695
Optima4dr,1693
Spectra5dr,2278
Forte,1081
Rio5dr,2013
Rio4dr,2011
RioEX,2016
ForteSX,1091
Optima,1691
SportageAWD,2290
SportageLX,2294
Soul,2259
SportageFWD,2293
OptimaSX,1702
Forte5LX,1084
Sportage2WD,2286
SoulManual,2269
Rio,2010
Sephia4dr,2196
SorentoLX,2256
Borrego4WD,325
SorentoL,2255
Borrego2WD,324
SoulAutomatic,2264
SorentoAWD,2252
Sportage4WD,2288
Soul+,2262
Optima2006.5,1692
Sedona4dr,2180
Soul5dr,2263
OptimaLimited,1697
SportageSX,2295
SportageEX,2292
Sportage4dr,2289
SportageBase,2291
Sorento2WD,2249
OptimaSXL,1703
Sorento4dr,2251
Soul!,2260
SedonaEX,2182
Amanti4dr,236
NiroEX,1667
SorentoEX,2254
SedonaLX,2184
SoulBase,2265
SoulEV,2266
Sorento4WD,2250
SedonaL,2183
SorentoSX,2258
NiroLX,1669
Sedona,2179
Rondo4dr,2032
Soul#NAME?,2261
SorentoLimited,2257
SoulExclaim,2268
NiroTouring,1670
CadenzaPremium,455
K900Luxury,1340
SedonaSX,2186
CadenzaLimited,454
K900Premium,1341
CadenzaSedan,456
SedonaLimited,2185
OptimaS,1700
K900V6,1342
K900V8,1343
SedonaSX-L,2187
CadenzaTechnology,457
Rover,2039
HS,1221
ES,755
IS,1256
RX,1947
CT,425
SC,2115
NX,1654
GS,1159
GX,1171
CTCT,427
LS,1354
ISIS,1257
NXFWD,1658
RCRC,1927
RC,1926
ESES,756
NXAWD,1656
NXF,1657
RXRX,1949
LX,1367
GSGS,1160
Aviator4dr,286
AviatorAWD,287
Zephyr4dr,2779
Aviator2WD,285
MKCFWD,1476
MKZ4dr,1505
MKZFWD,1508
MKCAWD,1474
Continental4dr,637
MKZHybrid,1509
MKZ,1504
MKZAWD,1506
MKXFWD,1499
MKZPremiere,1510
MKXAWD,1498
Navigator4dr,1663
MKXMKX,1500
MKX4dr,1497
MKZSelect,1512
LS4dr,1355
MKX2WD,1496
MKS4dr,1480
MKC,1473
MKZReserve,1511
Navigator2WD,1661
Navigator4WD,1662
MKS3.5L,1478
MKZBlack,1507
MKS3.7L,1479
Mark,1553
MKT4dr,1485
Blackwood2WD,318
MKCBlack,1475
MKXSelect,1503
MKTTOWN,1493
MKXReserve,1502
ContinentalPremiere,639
MKT,1482
MKT3.5L,1483
MKTAWD,1486
MKT3.7L,1484
MKTLivery,1490
ContinentalSelect,641
MKTEcoBoost,1488
Navigator,1660
MKTAll,1487
MKTTown,1494
ContinentalReserve,640
MKXPremiere,1501
Elise2dr,802
Evora2dr,884
Exige2dr,891
QuattroporteExecutive,1893
Quattroporte4dr,1892
Quattroporte,1891
QuattroporteSport,1896
QuattroporteS,1895
Coupe2dr,673
GranSport2dr,1201
QuattroporteGTS,1894
GhibliGhibli,1186
Spyder2dr,2299
GhibliSedan,1187
GranTurismo2dr,1203
GranTurismo,1202
CX-7AWD,443
CX-7FWD,444
RX-84dr,1948
Mazda3i,1576
Mazda34dr,1573
Mazda6Sport,1587
Mazda35dr,1574
Mazda6Touring,1588
Mazda64dr,1584
MAZDA35dr,1457
Mazda3s,1577
MAZDA34dr,1456
TributeFWD,2458
Mazda6s,1590
MAZDA64dr,1463
Mazda6Grand,1586
Mazda6i,1589
Tribute4WD,2457
Mazda3,1572
Tribute3.0L,2456
Mazda3MAZDASPEED3,1575
MAZDA65dr,1464
Mazda2Sport,1570
Mazda65dr,1585
CX-5Sport,441
Mazda24dr,1569
Mazda2Touring,1571
CX-3FWD,435
CX-5Touring,442
CX-52016.5,438
CX-5Grand,440
CX-3AWD,434
Tribute2.3L,2455
Mazda5Sport,1581
Mazda5Touring,1582
Mazda54dr,1578
Protege4dr,1816
Mazda5Grand,1580
MAZDA54dr,1458
MX5,1516
B-Series,296
CX-9AWD,446
CX-9Sport,450
CX-9FWD,447
Millenia4dr,1593
CX-9Touring,451
Mazda55dr,1579
Protege55dr,1817
6264dr,130
MPV4dr,1513
MX-5,1515
CX-9Grand,448
CX-92WD,445
CX-9Signature,449
C-ClassC280,339
C-Class4dr,334
C-ClassC240,337
C-ClassC230,336
C-ClassC250,338
C-ClassC320,342
C-ClassC300,340
GLK-ClassGLK350,1157
GLK-Class4MATIC,1155
C-ClassC350,343
CLK-Class2dr,391
CLK-ClassCLK500,395
C-ClassC,335
CLK-ClassCLK320,392
GLK-ClassRWD,1158
CLA-ClassCLA250,385
CLK-ClassCLK350,393
CLK-ClassCLK430,394
C-ClassC32,341
CLK-ClassCLK55,396
C-ClassC55,348
R-Class4dr,1906
GLK-ClassGLK250,1156
Metris,1591
E-ClassE320,745
B-ClassElectric,295
E-ClassE350,746
R-Class4WD,1905
R-ClassR350,1907
E-Class4dr,740
E-ClassE500,749
CLACLA250,388
SLK-ClassSLK230,2127
E-ClassE430,748
M-ClassML350,1419
SLK-ClassSLK280,2129
M-ClassML500,1422
R-Class4MATIC,1904
SLK-Class2dr,2126
SLK-ClassSLK320,2131
SLK-ClassSLK350,2132
GLA-ClassGLA250,1140
M-Class4WD,1415
M-ClassML320,1418
M-ClassRWD,1425
S-ClassS500,2049
M-Class4MATIC,1414
GLAGLA250,1144
CLACLA,387
R-ClassR500,1908
S-ClassS350,2045
S-ClassS430,2048
GLAGLA,1143
E-Class2dr,738
S-ClassS600,2052
SLK-ClassSLK250,2128
E-ClassE400,747
E-ClassE550,751
SLKSLK300,2134
C-ClassC400,345
SLK-ClassSLK32,2130
E-ClassE55,750
GL-ClassGL450,1137
C-ClassC63,349
CL-ClassCL500,380
GL-Class4WD,1135
S-Class4dr,2042
S-ClassS55,2050
CLS-ClassCLS500,400
SLK-ClassSLK55,2133
E-ClassE300,743
SL-ClassSL500,2119
GL-Class4MATIC,1134
CLS-Class4dr,398
CLA-ClassCLA45,386
GLCGLC300,1146
CL-ClassCL600,383
C-ClassC350e,344
S-ClassS320,2044
CL-ClassCL,379
M-ClassML,1416
E-ClassE250,742
CLS-ClassCLS55,401
GLCGLC,1145
S-ClassS550,2051
GLA-ClassGLA45,1141
CL-ClassCL550,382
C-ClassC450,347
GL-ClassGL350,1136
SL-Class2dr,2117
CL-ClassCL55,381
SL-ClassSL600,2122
SL-ClassSL55,2120
CLS-ClassCLS550,402
M-ClassML550,1423
M-ClassML250,1417
CL-Class2dr,378
GL-ClassGL550,1138
E-ClassE,741
GLEGLE350,1149
S-ClassS65,2054
CL-ClassCL65,384
SLKSLK350,2135
M-ClassML400,1420
SLCSLC,2125
GLEGLE,1147
GLEGLE400,1150
GLGL450,1151
SL-ClassSL550,2121
SL-ClassSL65,2124
E-ClassE63,752
CLS-ClassCLS400,399
CLS-ClassCLS63,403
M-ClassML63,1424
G-ClassG500,1118
G-Class4WD,1117
G-ClassG55,1119
MarinerFWD,1552
Mariner4WD,1550
Mariner4dr,1551
Milan4dr,1592
Mountaineer4dr,1612
Monterey4dr,1608
Montego4dr,1607
MountaineerRWD,1615
Mountaineer2WD,1611
MountaineerAWD,1613
Sable4dr,2163
Cougar3dr,671
Cougar2dr,670
Villager5dr,2559
MountaineerLuxury,1614
Cooper,647
Hardtop,1223
ClubmanCooper,602
ConvertibleCooper,645
CountrymanCooper,672
ConvertibleJohn,646
Outlander,1712
Mirage,1594
LancerES,1380
LancerCVT,1379
OutlanderES,1717
Lancer4dr,1377
LancerMan,1384
MirageES,1598
MirageDE,1597
EclipseAuto,766
LancerGT,1382
OutlanderSEL,1720
MirageGT,1599
Lancer,1376
Outlander2WD,1713
OutlanderSE,1719
LancerSE,1386
Eclipse3dr,765
Eclipse2dr,764
MirageSE,1600
Outlander4WD,1714
MirageCVT,1596
Galant4dr,1174
Lancer5dr,1378
OutlanderAWD,1716
Outlander4dr,1715
i-MiEVES,2805
i-MiEV4dr,2804
GalantFE,1176
EclipseGS,767
OutlanderGT,1718
GalantES,1175
LancerRalliart,1385
RaiderDouble,1954
Raider2WD,1952
EndeavorLS,822
Montero,1609
Galant,1173
LancerTC-SST,1388
Raider4WD,1953
EndeavorFWD,821
EndeavorAWD,820
Endeavor4dr,819
Mirage4dr,1595
Diamante4dr,724
LancerLE,1383
3000GT2dr,44
EclipseGT,768
Montero4dr,1610
AltimaSedan,235
SentraS,2192
Altima2.5,229
Versa,2549
Sentra4dr,2189
Altima4dr,233
SentraFE+,2190
VersaS,2553
SentraSV,2195
Altima2017.5,230
SentraSR,2194
Maxima3.5,1562
SentraSL,2193
Versa1.6,2550
Rogue,2023
Altima2dr,231
Altima3.5,232
VersaSL,2554
AltimaCoupe,234
VersaSV,2555
Maxima4dr,1563
Murano2WD,1618
MaximaS,1565
Versa5dr,2552
SentraNISMO,2191
Versa4dr,2551
RogueS,2028
MuranoSV,1625
MuranoAWD,1620
MuranoSL,1624
MaximaSV,1568
LEAFS,1350
MuranoS,1623
Murano4dr,1619
MaximaSR,1567
MaximaSL,1566
LEAFSL,1351
RogueSV,2030
LEAFSV,1352
RogueSL,2029
NV200,1644
LEAF4dr,1349
RogueFWD,2027
MuranoLE,1622
RogueAWD,2026
Rogue2017.5,2024
MaximaPlatinum,1564
MuranoFWD,1621
Titan2WD,2415
Murano2017.5,1617
TitanSingle,2420
Frontier,1097
PathfinderSV,1772
QuestSV,1903
350Z2dr,76
PathfinderS,1769
QuestS,1901
Pathfinder2WD,1762
QuestPlatinum,1900
TitanKing,2418
FrontierKing,1101
JUKES,1319
Pathfinder4WD,1763
Quest4dr,1898
Xterra2WD,2737
FrontierCrew,1100
QuestSL,1902
PathfinderSL,1771
TitanCrew,2417
Xterra4dr,2739
cubeS,2784
JUKEFWD,1317
Xterra4WD,2738
ArmadaLE,240
JUKE5dr,1315
Titan4WD,2416
PathfinderSE,1770
JUKESV,1321
PathfinderPlatinum,1768
XterraX,2742
JUKESL,1320
cubeSL,2785
FrontierS,1102
Frontier2WD,1098
JUKENISMO,1318
XterraS,2741
PathfinderLE,1767
NV,1642
Pathfinder,1761
cube5dr,2783
XterraPRO-4X,2740
PathfinderXE,1773
NV200S,1645
Armada2WD,238
JUKEAWD,1316
Murano,1616
ArmadaSE,242
NV200SV,1646
PathfinderHybrid,1766
Quest3dr,1897
QuestLE,1899
Armada4WD,239
Trucks,2460
NVP3500,1650
Frontier4WD,1099
Pathfinder4dr,1764
ArmadaSV,244
NV1500,1643
370ZCoupe,78
NVPV8,1652
NVPV6,1651
370Z2dr,77
Titan,2414
ArmadaPlatinum,241
NVStandard,1653
NVHigh,1649
ArmadaSL,243
NV2500,1647
370ZRoadster,80
370ZHeated/Cooled,79
NV3500,1648
200SX2dr,30
FrontierSE,1103
Alero4dr,228
884dr,138
LSS4dr,1362
Bravada4dr,330
Alero2dr,227
Regency4dr,1984
Silhouette4dr,2224
Cutlass4dr,702
Aurora4dr,258
Intrigue4dr,1311
Voyager3,2568
Voyager4,2569
Solstice2dr,2228
TorrentTorrent,2423
G35dr,1124
TorrentFWD,2422
G62dr,1128
G64dr,1129
TorrentAWD,2421
G52dr,1126
Vibe4dr,2556
Montana,1604
G84dr,1133
G5Base,1127
GTO2dr,1170
Firebird2dr,1026
Bonneville4dr,323
Sunfire2dr,2317
Montana4dr,1605
Aztek4dr,293
Sunfire4dr,2318
Cayman2dr,518
Cayenne4dr,510
Boxster2dr,328
CayenneAWD,511
CayenneManual,514
CayenneTiptronic,516
CaymanCoupe,519
911,155
CayenneS,515
BoxsterRoadster,329
CayenneDiesel,512
9112dr,156
CayenneGTS,513
Panamera4dr,1736
MacanAWD,1517
PanameraPlatinum,1737
MacanS,1518
Panamerabase,1740
PanameraRWD,1738
Panamera4,1734
PanameraS,1739
Panamera4S,1735
1500Tradesman,20
15002WD,4
1500Express,7
1500SLT,16
15004WD,5
1500Big,6
ProMaster,1813
Cargo,503
1500Lone,11
ProMaster3500,1815
1500,2
1500Laramie,9
45002WD,82
25002WD,34
3500,65
25004WD,35
1500SSV,17
1500Sport,19
1500RAM,14
35002WD,66
5500,126
35004WD,67
55002WD,127
45004WD,83
1500Night,13
55004WD,128
1500Rebel,15
2500Big,36
1500Limited,10
1500Longhorn,12
2500Tradesman,42
2500Lone,38
2500Power,40
3500Big,68
3500Tradesman,75
2500Laramie,37
3500SLT,74
3500Lone,71
3500Laramie,70
2500Longhorn,39
3500Longhorn,72
2500SLT,41
3500DIESEL!,69
9-34dr,143
9-32dr,142
9-3Aero,145
9-32.0T,141
9-3,140
9-35dr,144
9-54dr,150
9-52.3t,149
9-2X4dr,139
9-7XAWD,153
Sky2dr,2226
VUEAWD,2510
Aura4dr,257
Ion4dr,1312
VUEFWD,2511
VUE4dr,2509
IonION,1313
VueFWD,2573
Astra3dr,253
VUEVUE,2512
Astra5dr,254
LSLS1,1360
OutlookFWD,1722
VueAWD,2572
LSL-200,1357
SLSL2,2138
Relay4dr,1985
OutlookAWD,1721
SWSW2,2158
L-SeriesL300,1348
SLSL1,2137
LWLW-200,1363
VUE,2508
LSL-100,1356
iAAutomatic,2809
tCAutomatic,2821
iAManual,2810
iA4dr,2808
tCManual,2822
tC2dr,2819
xDAutomatic,2831
iMAutomatic,2812
xD,2829
xD5dr,2830
iMManual,2813
tC3dr,2820
iM5dr,2811
xDManual,2832
FR-S2dr,1000
xA4dr,2823
FR-SAutomatic,1001
xBAutomatic,2826
FR-SManual,1002
iQHatchback,2816
iQbase,2817
iQ10th,2814
xBManual,2828
iQ3dr,2815
xB5dr,2824
xB686,2825
fortwo,2790
fortwoCoupe,2793
fortwopure,2800
fortwopassion,2798
fortwoPrime,2795
fortwoPassion,2794
fortwoPure,2797
fortwo2dr,2791
fortwoprime,2799
fortwoCabriolet,2792
fortwoProxy,2796
XV,2736
Impreza,1283
BRZLimited,298
B9,297
Legacy2.5i,1395
Legacy4dr,1398
Forester2.5i,1072
Impreza4-door,1288
Impreza5-door,1291
BRZPremium,299
CrosstrekPremium,681
ImprezaPremium,1296
ImprezaSport,1299
Crosstrek2.0i,678
CrosstrekLimited,679
Forester2.5X,1069
Legacy,1392
Forester4dr,1073
ForesterAWD,1074
BRZSeries.Blue,300
Crosstrek,677
Legacy3.6R,1397
CrosstrekManual,680
Outback2.5i,1706
Outback4dr,1711
Forester2.0XT,1068
Tribeca4dr,2450
ImprezaLimited,1294
BRZSeries.HyperBlue,301
Tribeca3.6R,2449
Forester2.5XT,1071
WRXManual,2579
Outback2014,1707
Outback3.6R,1709
Outback,1704
WRXCVT,2576
WRXPremium,2580
Baja4dr,303
WRXLimited,2578
WRX,2574
WRXSTI,2581
Reno4dr,1999
Forenza4dr,1066
SX4Sedan,2162
SX44dr,2159
Kizashi4dr,1346
SX45dr,2160
Verona4dr,2548
XL-7AWD,2716
XL-7FWD,2717
SX4Hatchback,2161
Equator2WD,839
KizashiCVT,1347
Aerio4dr,226
XL-74dr,2715
Equator4WD,840
Sidekick2dr,2207
Model,1603
Corolla4dr,649
CorollaLE,656
Camry,475
CorollaS,657
CorollaL,655
CamrySE,484
CorollaSE,658
Yaris,2743
CorollaECO,654
CamryLE,483
Camry4dr,478
Prius,1800
CamryXLE,485
CamryL,482
CorollaXLE,660
CamryXSE,486
Corolla,648
Camry2014.5,476
Yaris3-Door,2744
CorollaXSE,662
Yaris5-Door,2748
CamryHybrid,481
Matrix5dr,1555
Yaris3dr,2745
MatrixS,1558
Yaris4dr,2747
RAV44X4,1914
PriusThree,1809
Highlander,1224
PriusTwo,1811
MatrixL,1557
PriusFour,1805
Yaris5dr,2749
RAV44X2,1913
Prius5dr,1802
RAV44WD,1912
C-HRXLE,350
RAV4FWD,1918
RAV4AWD,1916
YarisLE,2753
RAV4,1910
PriusFive,1804
RAV44dr,1915
RAV4LE,1919
YarisBase,2750
RAV42WD,1911
MR2,1514
Avalon,266
YarisL,2752
YarisFleet,2751
PriusOne,1807
86Manual,136
Yaris4DR,2746
Celica3dr,521
RAV4XLE,1924
Avalon4dr,267
PriusPersona,1808
TacomaRegular,2360
86Automatic,134
Tacoma2WD,2351
Tundra2WD,2476
AvalonXLE,274
4Runner4dr,88
RAV4Sport,1923
Tacoma4WD,2353
Highlander4dr,1229
PriusHATCACK,1806
Highlander2WD,1225
Prius4dr,1801
AvalonTouring,272
Venza4dr,2527
AvalonLimited,270
TacomaAccess,2354
Sienna5dr,2211
RAV4Limited,1920
Echo2dr,761
RAV4SE,1922
AvalonPremium,271
HighlanderFWD,1233
VenzaXLE,2531
86SE,137
VenzaLE,2529
Tundra,2474
Highlander4WD,1226
Highlander4X2,1227
Highlander4x2,1230
Tundra4WD,2477
HighlanderLimited,1237
RAV4Platinum,1921
SiennaLE,2216
Highlander4X4,1228
TacomaDouble,2356
Echo4dr,762
SiennaBase,2213
SiennaL,2215
SiennaXLE,2222
Sequoia4dr,2201
HighlanderLE,1236
HighlanderAWD,1231
VenzaLimited,2530
Sequoia2WD,2197
4Runner2WD,85
TacomaPrerunner,2359
FJ,999
SiennaLimited,2219
SequoiaRWD,2204
4RunnerRWD,92
Tacoma4D,2352
SiennaSE,2220
4Runner4WD,87
AvalonHybrid,269
YarisSedan,2756
4Runner4x2,89
TundraSR5,2485
4Runner4x4,90
Sequoia4WD,2198
Celica2dr,520
HighlanderXLE,1241
HighlanderSE,1239
Sequoia4X4,2200
Sequoia4X2,2199
SequoiaSR5,2205
Land,1389
HighlanderHybrid,1235
SequoiaLimited,2202
4RunnerSR5,93
Passat,1742
Golf,1188
Passat4dr,1749
Jetta,1323
Passat1.8T,1744
CC4dr,370
Jetta1.4T,1324
Passat2.5L,1746
CCSport,376
CCLux,373
Golf2.5L,1190
Golf2dr,1192
CCR-Line,375
PassatV6,1756
CC2.0T,369
PassatS,1753
PassatSE,1754
Eos2dr,833
TiguanS,2409
Routan4dr,2035
Golf2-Door,1189
Golf4-Door,1193
Tiguan2WD,2403
Passat2.5,1745
e-GolfSE,2788
e-GolfLimited,2787
CCExecutive,372
CCDSG,371
e-GolfSEL,2789
PassatTDI,1755
TiguanSE,2410
TiguanSEL,2411
CCVR6,377
Passat3.6L,1748
GolfS,1195
GLI4dr,1152
GLIBase,1154
TiguanAWD,2406
Golf4dr,1194
TiguanFWD,2407
Tiguan4MOTION,2404
GolfWolfsburg,1200
Jetta1.8T,1325
Tiguan4WD,2405
Touareg4dr,2425
TiguanWolfsburg,2413
GLIAutobahn,1153
JettaGLI,1327
TiguanSport,2412
TiguanR-Line,2408
RoutanSEL,2038
EosKomfort,836
EosLux,837
Rabbit2dr,1950
EosSport,838
RoutanSE,2037
Beetle,307
GolfTDI,1198
EosExecutive,834
Tiguan,2401
EosFinal,835
GTI2dr,1163
GTI4dr,1165
TouaregV6,2428
Rabbit4dr,1951
Touareg,2424
GTI4-Door,1164
Beetle2dr,311
GTIWolfsburg,1169
GTIDriver's,1167
GTI2-Door,1162
Jetta4dr,1326
Cabrio2dr,452
BeetleS,315
GTIBase,1166
R322dr,1909
BeetleClassic,312
GTIGLX,1168
PassatWolfsburg,1758
BeetleSE,316
Beetle1.8T,309
Phaeton4dr,1786
TouaregHybrid,2426
EuroVan3dr,883
Beetle#PinkBeetle,308
RoutanS,2036
TouaregTDI,2427
Atlas3.6L,256
S60T5,2093
S604dr,2089
S602.5T,2087
V502.4L,2492
S602.5L,2086
S803.2L,2108
S60FWD,2091
S804dr,2109
V504dr,2494
S602015.5,2088
S404dr,2068
S402.5L,2065
XC90FWD,2672
V502.5L,2493
S402.4L,2064
XC704dr,2656
XC90AWD,2671
S402004,2066
XC904dr,2670
S60Sedan,2092
XC902.5L,2664
C702dr,362
S60AWD,2090
S602.4L,2084
S80T6,2111
S602.4,2083
XC60FWD,2647
S802015.5,2105
S60,2082
S802.9,2104
S402004.5,2067
XC702.5L,2650
XC603.2L,2644
XC904.4L,2668
S40A,2069
S60T6,2094
C70T5,368
XC60AWD,2646
C70,360
S80T5,2110
XC90LEATHER,2673
S602.4T,2085
XC70FWD,2658
V405dr,2490
XC602015.5,2640
XC703.2L,2654
V60T5,2497
XC60T6,2649
V602015.5,2496
XC60T5,2648
XC70AWD,2657
XC903.2,2666
C302dr,357
XC603.2,2643
XC70T6,2662
V70XC,2506
V60,2495
XC702015.5,2651
XC90R-Design,2676
V702.4,2499
V704dr,2503
XC70T5,2661
V702.5L,2502
C30R-Design,358
9605dr,157
C70Inscription,366
V70XC70,2507
V70A,2505
C70Convertible,363
S70M,2100
XC60,2639
V705dr,2504
S802.5L,2102
XC90T5,2677
XC904DR,2669
XC604dr,2645
V60T6,2498
S90T5,2113
V702.4T,2501
S704dr,2097
XC90T6,2678
CivicSi,596
CR-VEX,411
CR-V2WD,407
HR-V2WD,1216
HR-VLX,1220
CR-V4WD,408
InsightContinuously,1305
HR-VAWD,1217
CR-VEX-L,412
CR-VSE,415
HR-VEX-L,1219
HR-VEX,1218
Odyssey5dr,1680
CivicDX,581
OdysseyLX,1686
OdysseyEX,1682
CR-V,406
CrosstourEX-L,676
Prelude2dr,1797
CrosstourEX,675
Odyssey4dr,1679
OdysseyEX-L,1683
OdysseyEX-RES,1684
Element4WD,796
CR-VTouring,416
Pilot2WD,1788
PilotEX-L,1791
Pilot4WD,1789
PilotEX,1790
Ridgeline4WD,2000
OdysseyTouring,1690
RidgelineRTS,2006
PilotLX,1793
RidgelineRT,2002
CR-VAutomatic,409
Passport4WD,1759
RidgelineSport,2009
RidgelineSE,2008
OdysseySE,1689
RidgelineRTL,2003
Element2WD,795
PilotSE,1794
PilotTouring,1795
RidgelineRTL-T,2005
CR-VONE,414
S2000Manual,2060
S20002dr,2057
RidgelineBlack,2001
RidgelineRTL-E,2004
PilotElite,1792
OdysseyElite,1685
Pilot,1787
H34dr,1209
H34WD,1208
H3Alpha,1210
H3,1207
H24dr,1206
H24WD,1205
Sonata,2229
ElantraSE,790
Sonata2.4L,2232
SonataSE,2240
SonataGLS,2238
Elantra4dr,784
Sonata4dr,2234
ElantraLimited,789
ElantraGLS,788
ElantraValue,793
Elantra,780
SonataSport,2242
SonataLimited,2239
Sonata1.6T,2230
ElantraSEL,791
ElantraECO,787
SonataEco,2236
ElantraSport,792
Accent4dr,206
Sonata2.0T,2231
AccentSE,211
Tiburon2dr,2399
Elantra5dr,785
AccentValue,213
AccentGLS,209
Genesis,1179
AccentSport,212
AccentGS,210
VelosterManual,2519
Accent3dr,205
TucsonSE,2470
TucsonFWD,2465
TucsonGLS,2467
SonataSEL,2241
Accent5dr,207
VelosterAutomatic,2516
VelosterDual,2517
TucsonAWD,2463
Azera4dr,290
TucsonGL,2466
VelosterValue,2523
Veloster3dr,2515
Tucson4WD,2461
VelosterRE:MIX,2521
AzeraSedan,292
TucsonLimited,2468
VelosterRE:FLEX,2520
Tucson4dr,2462
Santa,2165
VelosterTurbo,2522
TucsonEco,2464
TucsonSport,2471
AzeraLimited,291
Accent,204
Genesis4dr,1182
TucsonNight,2469
Ioniq,1314
Genesis3.8,1180
VeracruzAWD,2532
VeracruzFWD,2533
TucsonWalking,2473
Genesis5.0,1183
XG3504dr,2698
Entourage4dr,824
GenesisV6,1185
Genesis3.8L,1181
Equus4dr,850
EquusSignature,851
Genesis5.0L,1184
EquusUltimate,852
M45Sport,1445
M45Base,1444
G25,1122
M454dr,1443
QX4Luxury,1867
M354dr,1428
G35,1123
G20Luxury,1120
G37,1125
QX4QX4,1868
Q40AWD,1823
I35Luxury,1247
Q50RWD,1836
M35x,1433
M35Sport,1430
Q50AWD,1834
Q40RWD,1824
Q50Hybrid,1835
EX35RWD,758
EX35AWD,757
M35Base,1429
Q503.0t,1832
Q502.0t,1831
FX35AWD,1005
EX37EX37,759
QX50AWD,1869
Q70V6,1854
QX602WD,1878
FX354dr,1004
Q50,1830
QX50RWD,1870
FX45AWD,1012
QX60AWD,1879
FX35RWD,1008
QX60FWD,1881
I30Luxury,1245
FX35Base,1006
QX30Base,1862
FX37FX37,1010
QX30Premium,1865
M374dr,1434
QX30Luxury,1864
QX30AWD,1861
Q70LV6,1852
FX35with,1009
M564dr,1448
QX60Hybrid,1882
QX30FWD,1863
QX30Sport,1866
QX70AWD,1884
M37Base,1435
M37x,1439
FX50AWD,1013
Q60,1846
QX70RWD,1885
FX35Limited,1007
QX70V6,1886
Q603.0t,1848
QX562WD,1871
M37M37,1436
JX35JX35,1322
M37M37x,1437
QX60Base,1880
QX564WD,1872
Q45Base,1825
M56M56,1450
QX564dr,1873
M56x,1452
QX56RWD,1876
Q703.7,1849
Q602.0t,1847
Q45Premium,1827
M56M56x,1451
QX56AWD,1874
Q50Red,1837
Q70LV8,1853
FX50FX50,1014
Q70V8,1855
QX56Base,1875
Q70L3.7,1850
QX70V8,1887
QX802WD,1888
QX804WD,1889
i-2902WD,2802
Axiom4dr,288
i-2802dr,2801
Rodeo4dr,2022
Trooper4dr,2459
VehiCROSS2dr,2513
Ascender4dr,247
Ascender2WD,246
i-3504dr,2803
XK82dr,2711
S-TYPE4dr,2056
X-TYPE4dr,2613
XFI4,2687
XF4dr,2686
XFXF,2695
XFPremium,2689
XFPortfolio,2688
XFV6,2693
XK2dr,2710
XE25t,2680
XJ4dr,2700
XK,2709
XFSport,2691
XE20d,2679
XF35t,2685
XE35t,2681
XFXFR,2696
XF20d,2684
XJRWD,2706
XKXKR,2714
XJL,2703
F-PACE35t,995
XJAWD,2701
XJBase,2702
XKXK,2713
XJSupercharged,2707
XJR,2704
F-TYPEF-Type,998
F-TYPECoupe,997
F-TYPEConvertible,996
CompassAltitude,624
CherokeeHigh,564
PatriotSPORT,1784
Renegade4WD,1990
Renegade75th,1991
Encore,809
EncorePreferred,815
RegalRegal,1980
Regal4DR,1971
Regal,1969
RegalFWD,1976
RegalSedan,1981
Regal1FL,1970
RegalBARGAIN,1973
LaCrosseCXS,1372
RegalCXL,1975
Riviera2dr,2020
CascadaConvertible,504
CenturyCustom,526
Verano,2535
VeranoBASE,2539
VeranoFWD,2542
CTS3.6L,432
d'Elegance4dr,2786
DeVilleBase,721
DeVilleSedan,722
DeVille4d,719
SRX3.6,2142
XTS,2726
XLR-VXLR-V,2719
XT5FWD,2721
DTSProfessional,704
Aveo1LT,281
MalibuMalibu,1544
Malibu1LS,1523
CruzeLT-38,696
Cruze1LT/Fleet,686
MalibuFleet*1-Owner*Clean,1538
CruzeSEDAN,700
Cruze1FL,684
Impala1WF19,1262
EquinoxLTZ,849
Trax1LT,2446
ImpalaSedan,1281
ImpalaOnStar/,1277
Uplander,2488
Impala2014,1263
Camaro2LS,467
CamaroLS,472
Impala3LT,1266
CruzeLs,698
Camaro1LT,466
C,332
BlazerFleet,321
EquinoxLS,847
Impala4,1267
CamaroSS,474
ColoradoLT,610
Camaro,464
TraverseLT,2443
Suburban4X4,2311
Suburban,2305
CorvetteZ06,669
AspenLimited,251
200,22
PacificaBase,1727
300Touring,63
300LX,53
300Base,50
Concorde2dr,632
SebringBase,2172
SebringTouring,2178
SebringLimited,2176
SebringLX,2175
300MSpecial,58
300MBase,57
SebringGTC,2173
SebringTS,2177
SebringJX,2174
300Platinum,61
300Mopar,59
VoyagerLX,2571
ProwlerRoadster,1819
PacificaHybrid,1728
PacificaPlatinum,1731
Charger4d,540
ChargerAWD,542
ChargerFleet,545
DartTurbo,717
Caravan,494
Caliber4d,459
Journey,1329
CaravanEX,499
ChargerSCATPK,551
NeonSE,1665
DurangoCREW,729
Dart4d,709
500eHatchback,125
500X2WD,113
500cGQ,120
KarmaCOLLED,1345
FocusElectric,1048
C-MaxSE,352
C-MaxSEL,353
EscapeHybrid,867
FusionSe,1113
FocusSES,1055
C-MaxTitanium,354
FiestaSES,1020
EscapeXLT,876
FiestaSL,1021
F-350XL,978
FocusZTS,1060
ZX22dr,2778
FocusZX3,1062
EscapeLimited,869
MustangBase,1628
FocusZX4,1063
FusionFusion,1107
EscapeLImited,868
MustangPremium,1638
FocusLX,1050
FocusZXW,1065
FocusZX5,1064
Fusionse,1116
ExplorerXLS,921
F-350XLT,979
MustangDeluxe,1633
ExplorerEddie,914
ContourLX,643
F-150STX,940
EdgeSe,777
F-250XL,962
Mustang,1626
TaurusLX,2381
FreestyleSEL,1096
F-250XLT,963
TaurusSES,2386
ExpeditionXLS,905
ContourSE,644
ExplorerPolice,918
FocusZTW,1061
F-350King,973
FreestyleLimited,1094
RangerReg,1964
TaurusBase,2379
FreestyleSE,1095
ExpeditionEddie,899
RangerSuperCab,1966
F-150FX2,931
F-250Lariat,958
EdgeLTD,773
MustangMach,1637
F-3504x4,968
RangerRegular,1965
RangerXLT,1968
MustangSVT,1639
F-250Highline,956
ExpeditionNBX,902
F-250King,957
EscortLX,879
F-150Harley-Davidson,933
F-350Lariat,974
F-150Supercab,944
TaurusGL,2380
F-350Cabela's,970
EscortSE,880
F-250Amarillo,952
F-250FX5,954
EscortZX2,881
F-350Harley-Davidson,972
F-250Outlaw,959
FlexTitanium,1042
FocusSVT,1057
F-250Cabela's,953
F-2504WD,949
F-550XLT,992
MustangCobra,1630
F-150Lightning,936
ExplorerPlatinum,917
ThunderbirdDeluxe,2396
F-450XL,985
ThunderbirdPremium,2398
MustangBoss,1629
F-3504x2,967
Thunderbird50th,2395
F-250Harley-Davidson,955
ExcursionXLT,890
F-350FX5,971
F-550Reg,990
F-350Platinum,975
F-350Reg,976
ThunderbirdPacific,2397
F-1502010,925
F-2504x4,951
F-150SVT,941
ExpeditionPlatinum,903
F-350SuperCab,977
ExcursionEddie,887
F-250Platinum,960
ExcursionLimited,888
F-350Amarillo,969
F-550Lariat,989
F-550XL,991
ExcursionXLS,889
F-150F-150,930
F-3504WD,966
F-450Lariat,983
F-250SuperCrew,961
F-550Crew,988
F-450XLT,986
F-2504x2,950
F-450King,982
F-15060th,928
F-450Crew,981
F-4504WD,980
F-5502WD,987
F-450Platinum,984
G803.3T,1130
TerrainSLT,2391
CanyonRegular,491
Classic,600
Denali4dr,723
AcadiaSLE,203
YukonCOMMERCIAL,2763
P,1723
YukonSLE,2764
TerrainSLT-1,2392
CivicBase,578
CivicSE,595
AccordLX,219
CivicEX-L,584
CivicDX-VP,582
CR-ZBase,419
CivicHF,587
CivicLX-S,592
CivicNatural,594
FitBase,1030
CivicEX-T,585
AccordSport,223
CivicGX,586
AccordSE,222
FitHB,1033
AccordEX,217
AccordLX-P,220
AccordEX-L,218
CivicLX-P,591
CivicTouring,598
AccordLX-S,221
Civic4dr,577
AccordBase,215
AccordTouring,224
Civic2dr,576
AccordVP,225
AccordDX,216
CivicSport,597
CivicHybrid,589
CivicHX,588
CivicCX,579
PreludeBase,1799
RidgelineRTX,2007
PilotVP,1796
OdysseyOdyssey,1688
PreludeAutomatic,1798
ElementLX,800
CR-VBase,410
ElementEX,798
PassportEX,1760
ElementSC,801
OdysseyBase,1681
ElementEX-P,799
ElementDX,797
S2000Base,2058
OdysseyLeather,1687
S2000CR,2059
H3H3T,1211
H3T4WD,1212
Elantra4DSD,783
Elantra4DR,782
Elantra2016,781
Sonata2011,2233
Elantra99A,786
TiburonSE,2400
VelosterGLS,2518
SonataBase,2235
XG3004dr,2697
SonataGL,2237
Veloster1.6L,2514
Accent99A,208
TucsonValue,2472
Azera3.3L,289
VeracruzGLS,2534
G20Touring,1121
Q504dr,1833
I30Touring,1246
M35hM35h,1431
M35hh,1432
EX37Journey,760
I30Automatic,1243
FX454dr,1011
M56Base,1449
I30Limited,1244
FX352,1003
Q70hHybrid,1856
M37X,1438
Q45Touring,1828
Q45with,1829
QX60RARE!,1883
QX60,1877
Q70L5.6,1851
Q45Luxury,1826
QX80RWD,1890
Rodeo,2021
S-TYPE4.2R,2055
XF2009,2683
XJ,2699
XF,2682
XFV8,2694
XFSupercharged,2692
XFS,2690
XJXJL,2708
F-PACE25t,994
F-PACE20d,993
XKCoupe,2712
XJR-Sport,2705
CompassBase,625
Compass70th,622
LibertyLatitude,1407
PatriotNorth,1782
CompassTrailhawk,631
RenegadeAltitude,1992
LibertyRenegade,1410
CommanderSport,618
LibertyLimited,1408
CherokeeClassic,562
CommanderLimited,616
CommanderBase,615
PatriotPatriot,1783
CherokeeSE,569
WranglerSE,2607
WranglerBlack,2595
WranglerSAHARA,2606
WranglerMojave,2602
Wrangler70th,2589
WranglerMoab,2601
WranglerCall,2596
WranglerArctic,2592
WranglerIslander,2600
SpectraLX,2283
SpectraEX,2280
RioSX,2018
RioBase,2014
SpectraSpectra5,2285
OptimaBase,1694
SpectraSX,2284
SpectraBase,2279
BorregoEX,326
SpectraGS,2281
SoulEV+,2267
AmantiBase,237
BorregoLX,327
SorentoBase,2253
Forte2dr,1082
RioCinco,2015
SpectraLS,2282
Sportage2dr,2287
NiroFE,1668
Forte5SX,1085
SoulSport,2271
SoulSoul,2270
SedonaBase,2181
RondoLX,2034
RondoEX,2033
OptimaOptima,1698
CadenzaBase,453
OptimaPremium,1699
OptimaSE,1701
HSHS,1222
NXNX,1659
GXGX,1172
SCSC,2116
LSLS,1359
LXLX,1368
NX300h,1655
MKX,1495
MKSBase,1481
MKS,1477
ContinentalLivery,638
MKTMKT,1491
MKTLIVERY,1489
MKTSport,1492
EvoraCoupe,885
Mazda62017.5,1583
Tribute2.0L,2454
CX-3Touring,436
CX-5AWD,439
MAZDA5Touring,1462
MAZDA5Sport,1461
CX-5,437
MAZDA5Grand,1459
MAZDA5SPORT,1460
C-Class2dr,333
S-ClassS420,2047
C-ClassC43,346
M-ClassML430,1421
B-ClassB250e,294
E-Class2011,737
SL-ClassSL320,2118
S-ClassS400,2046
E-Class3.5L,739
GLAAMG,1142
GLA-ClassGLA,1139
E-ClassE300W,744
CLACLA45,389
S-ClassS,2043
GLEGLE300d,1148
CLSCLS400,404
S-ClassS63,2053
SL-ClassSL63,2123
Tracer4dr,2431
Marauder4dr,1548
Villager,2557
Mariner,1549
Villager4dr,2558
LancerSEL,1387
GalantFe,1177
Endeavor,818
RaiderExt,1955
EndeavorSE,823
LancerEvolution,1381
Sentra,2188
Maxima,1561
Rogue4DR,2025
TitanSE,2419
FrontierSV,1104
Pathfinder99.5,1765
GT-R2dr,1161
Breeze4dr,331
Firebird2000,1025
CayenneTurbo,517
MacanTurbo,1519
1500HFE,8
ProMaster2500,1814
1500ST,18
"1500**7""",3
2500,33
3500RAM,73
9-5Base,151
9-5,147
9-52.3T,148
9-7X4dr,152
9-4XAWD,146
9002dr,154
LSL-300,1358
LSLS2,1361
SLSL,2136
LWLW-300,1364
LWLW2,1366
LWLW1,1365
tC,2818
xBBase,2827
Impreza2.0i,1285
Imprezai,1301
ImprezaOutback,1295
Impreza2.0,1284
Impreza2.5i,1287
ImprezaBase,1293
ForesterX,1079
LegacyL,1401
LegacyOutback,1403
ForesterForester,1075
Forester2.5XS,1070
ForesterXT,1080
Impreza2.5,1286
TribecaLimited,2452
Legacy3.0R,1396
BRZSeries.Yellow,302
Impreza5,1290
Forester,1067
TribecaSpecial,2453
Legacy2.5,1393
Impreza4dr,1289
Impreza5dr,1292
LegacyGT,1400
ImprezaWgn,1300
WRXBase,2575
WRXWRX,2582
ForesterL,1076
Legacy2.5XT,1394
Outback3.0R,1708
ImprezaSdn,1297
ForesterPremium,1077
Tribeca5-Passenger,2451
LegacyL.L.,1402
WRXLIMITED,2577
WRXXM/,2583
BajaSport,305
BajaBase,304
Outback4DR,1710
BajaTurbo,306
ImprezaSedan,1298
ForesterS,1078
Outback2.5XT,1705
Legacy5dr,1399
Vitara,2561
Vitara2dr,2562
Esteem4dr,882
Sidekick4dr,2208
CamryBase,479
CorollaBase,650
CorollaCE,651
MatrixXRS,1560
MatrixBase,1556
YarisSE,2755
CamryCE,480
CorollaXRS,661
CorollaVE,659
MatrixXR,1559
RAV4Base,1917
YarisYaris,2757
PriusTouring,1810
CorollaCorolla,652
PriusBase,1803
HighlanderBase,1232
86Base,135
CelicaGT,522
YarisS,2754
TundraBase,2478
AvalonXL,273
RAV4XLE/4WD/W/NAV/REAR,1925
TacomaBase,2355
CorollaDX,653
AvalonXLS,275
AvalonBase,268
TacomaSR,2361
CelicaGTS,523
TacomaTRD,2363
TacomaSR5,2362
VenzaBase,2528
SiennaCE,2214
HighlanderSport,1240
TundraSR,2484
TacomaPreRunner,2358
HighlanderPlus,1238
TundraRegular,2483
EchoSedan,763
Highlanderw/3rd,1242
TundraLimited,2481
Sienna5DR,2210
Mirai4dr,1601
SiennaLE/DVD,2217
TundraGrade,2480
SiennaSienna,2221
TundraSR6,2486
4RunnerLimited,91
TacomaX-Runner,2364
HighlanderHighlander,1234
Camry4d,477
4RunnerSport,94
Sienna5328,2209
SiennaLIMITED,2218
TacomaLimited,2357
4RunnerTrail,96
4Runner,84
TundraTRD,2487
Tundra1794,2475
4RunnerTRD,95
TundraDouble,2479
TundraPlatinum,2482
MiraiSedan,1602
T100XtraCab,2321
SequoiaPlatinum,2203
4Runner4Runner,86
Sienna7-Pass,2212
Supra3dr,2320
CCLuxury,374
PassatWOLFSBURG,1757
Passat1,1743
PassatR-LINE,1751
PassatCERTIFIED,1750
PassatRECENT,1752
Golf2013,1191
GolfSE,1196
GolfTSI,1199
GolfSEL,1197
Passat2012,1747
Tiguan/,2402
Eos2.0T,832
Beetle2.5L,310
BeetleEntry,314
BeetleDune,313
BeetleSEL,317
TouaregX,2429
S802.5T,2103
S803.0L,2106
C70HT,364
XC902.5T,2665
V40A,2491
C70LT,367
C702.5L,361
S803.2,2107
XC704DR,2655
XC90,2663
XC703.2,2653
XC90PREMIER,2674
XC603.0T,2642
C302DR,356
XC903.2L,2667
C30T5,359
XC70Premier,2660
XC703.0T,2652
V702.4L,2500
S70GLT,2099
XC603.0L,2641
XC90Premier,2675
XC70Platinum,2659
S70A,2098
C70Incscription,365
8504dr,133
S90T6,2114
